chromosome	Source	Species
NZ_CP031221.1	wAlbB	Wolbachia
NC_006817.1	Mosquito_mtDNA	Mosquito
Unmapped_bin	Unmapped_bin	Unmapped_bin
MW147277.1	Virus_ssRNA	MW147277_Anphevirus
BK059423.1	Virus_ssRNA	BK059423_SanGabriel_mononegavirus
BK059489.1	Virus_ssRNA	BK059489_Tombus_like_seg1
BK059490.1	Virus_ssRNA	BK059490_Tombus_like_seg2
MK879803.1	Virus_ssRNA	MK879803_Aedes_albopictus_negev_like
NC_012932.1	Virus_ssRNA	NC_012932_Aedes_flavivirus__plus_ssRNA
NC_085136.1	Mosquito_gDNA	Mosquito
NC_085137.1	Mosquito_gDNA	Mosquito
NC_085138.1	Mosquito_gDNA	Mosquito
NW_026916371.1	Mosquito_gDNA	Mosquito
NW_026916372.1	Mosquito_gDNA	Mosquito
NW_026916373.1	Mosquito_gDNA	Mosquito
NW_026916374.1	Mosquito_gDNA	Mosquito
NW_026916375.1	Mosquito_gDNA	Mosquito
NW_026916378.1	Mosquito_gDNA	Mosquito
NW_026916379.1	Mosquito_gDNA	Mosquito
NW_026916380.1	Mosquito_gDNA	Mosquito
NW_026916381.1	Mosquito_gDNA	Mosquito
NW_026916382.1	Mosquito_gDNA	Mosquito
NW_026916383.1	Mosquito_gDNA	Mosquito
NW_026916385.1	Mosquito_gDNA	Mosquito
NW_026916390.1	Mosquito_gDNA	Mosquito
NW_026916391.1	Mosquito_gDNA	Mosquito
NW_026916392.1	Mosquito_gDNA	Mosquito
NW_026916394.1	Mosquito_gDNA	Mosquito
NW_026916396.1	Mosquito_gDNA	Mosquito
NW_026916398.1	Mosquito_gDNA	Mosquito
NW_026916400.1	Mosquito_gDNA	Mosquito
NW_026916402.1	Mosquito_gDNA	Mosquito
NW_026916404.1	Mosquito_gDNA	Mosquito
NW_026916405.1	Mosquito_gDNA	Mosquito
NW_026916408.1	Mosquito_gDNA	Mosquito
NW_026916411.1	Mosquito_gDNA	Mosquito
NW_026916416.1	Mosquito_gDNA	Mosquito
NW_026916423.1	Mosquito_gDNA	Mosquito
NW_026916427.1	Mosquito_gDNA	Mosquito
NW_026916429.1	Mosquito_gDNA	Mosquito
NW_026916431.1	Mosquito_gDNA	Mosquito
NW_026916432.1	Mosquito_gDNA	Mosquito
NW_026916434.1	Mosquito_gDNA	Mosquito
NW_026916438.1	Mosquito_gDNA	Mosquito
NW_026916439.1	Mosquito_gDNA	Mosquito
NW_026916441.1	Mosquito_gDNA	Mosquito
NW_026916443.1	Mosquito_gDNA	Mosquito
NW_026916445.1	Mosquito_gDNA	Mosquito
NW_026916449.1	Mosquito_gDNA	Mosquito
NW_026916458.1	Mosquito_gDNA	Mosquito
NW_026916459.1	Mosquito_gDNA	Mosquito
NW_026916460.1	Mosquito_gDNA	Mosquito
NW_026916468.1	Mosquito_gDNA	Mosquito
NW_026916471.1	Mosquito_gDNA	Mosquito
NW_026916479.1	Mosquito_gDNA	Mosquito
NW_026916482.1	Mosquito_gDNA	Mosquito
NW_026916483.1	Mosquito_gDNA	Mosquito
NW_026916486.1	Mosquito_gDNA	Mosquito
NW_026916488.1	Mosquito_gDNA	Mosquito
NW_026916490.1	Mosquito_gDNA	Mosquito
NW_026916494.1	Mosquito_gDNA	Mosquito
NW_026916500.1	Mosquito_gDNA	Mosquito
NW_026916501.1	Mosquito_gDNA	Mosquito
NW_026916505.1	Mosquito_gDNA	Mosquito
NW_026916512.1	Mosquito_gDNA	Mosquito
NW_026916515.1	Mosquito_gDNA	Mosquito
NW_026916520.1	Mosquito_gDNA	Mosquito
NW_026916522.1	Mosquito_gDNA	Mosquito
NW_026916524.1	Mosquito_gDNA	Mosquito
NW_026916526.1	Mosquito_gDNA	Mosquito
NW_026916530.1	Mosquito_gDNA	Mosquito
NW_026916534.1	Mosquito_gDNA	Mosquito
NW_026916537.1	Mosquito_gDNA	Mosquito
NW_026916541.1	Mosquito_gDNA	Mosquito
NW_026916543.1	Mosquito_gDNA	Mosquito
NW_026916547.1	Mosquito_gDNA	Mosquito
NW_026916549.1	Mosquito_gDNA	Mosquito
NW_026916558.1	Mosquito_gDNA	Mosquito
NW_026916567.1	Mosquito_gDNA	Mosquito
NW_026916569.1	Mosquito_gDNA	Mosquito
NW_026916580.1	Mosquito_gDNA	Mosquito
NW_026916583.1	Mosquito_gDNA	Mosquito
NW_026916586.1	Mosquito_gDNA	Mosquito
NW_026916591.1	Mosquito_gDNA	Mosquito
NW_026916592.1	Mosquito_gDNA	Mosquito
NW_026916600.1	Mosquito_gDNA	Mosquito
NW_026916603.1	Mosquito_gDNA	Mosquito
NW_026916605.1	Mosquito_gDNA	Mosquito
NW_026916609.1	Mosquito_gDNA	Mosquito
NW_026916614.1	Mosquito_gDNA	Mosquito
NW_026916617.1	Mosquito_gDNA	Mosquito
NW_026916622.1	Mosquito_gDNA	Mosquito
NW_026916624.1	Mosquito_gDNA	Mosquito
NW_026916636.1	Mosquito_gDNA	Mosquito
NW_026916638.1	Mosquito_gDNA	Mosquito
NW_026916644.1	Mosquito_gDNA	Mosquito
NW_026916647.1	Mosquito_gDNA	Mosquito
NW_026916649.1	Mosquito_gDNA	Mosquito
NW_026916654.1	Mosquito_gDNA	Mosquito
NW_026916658.1	Mosquito_gDNA	Mosquito
NW_026916660.1	Mosquito_gDNA	Mosquito
NW_026916665.1	Mosquito_gDNA	Mosquito
NW_026916669.1	Mosquito_gDNA	Mosquito
NW_026916670.1	Mosquito_gDNA	Mosquito
NW_026916678.1	Mosquito_gDNA	Mosquito
NW_026916680.1	Mosquito_gDNA	Mosquito
NW_026916681.1	Mosquito_gDNA	Mosquito
NW_026916683.1	Mosquito_gDNA	Mosquito
NW_026916690.1	Mosquito_gDNA	Mosquito
NW_026916691.1	Mosquito_gDNA	Mosquito
NW_026916695.1	Mosquito_gDNA	Mosquito
NW_026916700.1	Mosquito_gDNA	Mosquito
NW_026916701.1	Mosquito_gDNA	Mosquito
NW_026916702.1	Mosquito_gDNA	Mosquito
NW_026916703.1	Mosquito_gDNA	Mosquito
NW_026916713.1	Mosquito_gDNA	Mosquito
NW_026916718.1	Mosquito_gDNA	Mosquito
NW_026916720.1	Mosquito_gDNA	Mosquito
NW_026916724.1	Mosquito_gDNA	Mosquito
NW_026916731.1	Mosquito_gDNA	Mosquito
NW_026916732.1	Mosquito_gDNA	Mosquito
NW_026916735.1	Mosquito_gDNA	Mosquito
NW_026916746.1	Mosquito_gDNA	Mosquito
NW_026916747.1	Mosquito_gDNA	Mosquito
NW_026916751.1	Mosquito_gDNA	Mosquito
NW_026916754.1	Mosquito_gDNA	Mosquito
NW_026916757.1	Mosquito_gDNA	Mosquito
NW_026916768.1	Mosquito_gDNA	Mosquito
NW_026916779.1	Mosquito_gDNA	Mosquito
NW_026916782.1	Mosquito_gDNA	Mosquito
NW_026916790.1	Mosquito_gDNA	Mosquito
NW_026916797.1	Mosquito_gDNA	Mosquito
NW_026916800.1	Mosquito_gDNA	Mosquito
NW_026916801.1	Mosquito_gDNA	Mosquito
NW_026916812.1	Mosquito_gDNA	Mosquito
NW_026916813.1	Mosquito_gDNA	Mosquito
NW_026916815.1	Mosquito_gDNA	Mosquito
NW_026916822.1	Mosquito_gDNA	Mosquito
NW_026916823.1	Mosquito_gDNA	Mosquito
NW_026916824.1	Mosquito_gDNA	Mosquito
NW_026916835.1	Mosquito_gDNA	Mosquito
NW_026916836.1	Mosquito_gDNA	Mosquito
NW_026916841.1	Mosquito_gDNA	Mosquito
NW_026916845.1	Mosquito_gDNA	Mosquito
NW_026916846.1	Mosquito_gDNA	Mosquito
NW_026916857.1	Mosquito_gDNA	Mosquito
NW_026916858.1	Mosquito_gDNA	Mosquito
NW_026916865.1	Mosquito_gDNA	Mosquito
NW_026916868.1	Mosquito_gDNA	Mosquito
NW_026916872.1	Mosquito_gDNA	Mosquito
NW_026916876.1	Mosquito_gDNA	Mosquito
NW_026916879.1	Mosquito_gDNA	Mosquito
NW_026916890.1	Mosquito_gDNA	Mosquito
NW_026916893.1	Mosquito_gDNA	Mosquito
NW_026916898.1	Mosquito_gDNA	Mosquito
NW_026916899.1	Mosquito_gDNA	Mosquito
NW_026916901.1	Mosquito_gDNA	Mosquito
NW_026916910.1	Mosquito_gDNA	Mosquito
NW_026916912.1	Mosquito_gDNA	Mosquito
NW_026916923.1	Mosquito_gDNA	Mosquito
NW_026916924.1	Mosquito_gDNA	Mosquito
NW_026916927.1	Mosquito_gDNA	Mosquito
NW_026916928.1	Mosquito_gDNA	Mosquito
NW_026916929.1	Mosquito_gDNA	Mosquito
NW_026916930.1	Mosquito_gDNA	Mosquito
NW_026916931.1	Mosquito_gDNA	Mosquito
NW_026916932.1	Mosquito_gDNA	Mosquito
NW_026916933.1	Mosquito_gDNA	Mosquito
NW_026916934.1	Mosquito_gDNA	Mosquito
NW_026916935.1	Mosquito_gDNA	Mosquito
NW_026916936.1	Mosquito_gDNA	Mosquito
NW_026916937.1	Mosquito_gDNA	Mosquito
NW_026916938.1	Mosquito_gDNA	Mosquito
NW_026916939.1	Mosquito_gDNA	Mosquito
NW_026916940.1	Mosquito_gDNA	Mosquito
NW_026916941.1	Mosquito_gDNA	Mosquito
NW_026916942.1	Mosquito_gDNA	Mosquito
NW_026916943.1	Mosquito_gDNA	Mosquito
NW_026916944.1	Mosquito_gDNA	Mosquito
NW_026916945.1	Mosquito_gDNA	Mosquito
NW_026916946.1	Mosquito_gDNA	Mosquito
NW_026916947.1	Mosquito_gDNA	Mosquito
NW_026916948.1	Mosquito_gDNA	Mosquito
NW_026916949.1	Mosquito_gDNA	Mosquito
NW_026916950.1	Mosquito_gDNA	Mosquito
NW_026916951.1	Mosquito_gDNA	Mosquito
NW_026916952.1	Mosquito_gDNA	Mosquito
NW_026916953.1	Mosquito_gDNA	Mosquito
NW_026916954.1	Mosquito_gDNA	Mosquito
NW_026916955.1	Mosquito_gDNA	Mosquito
NW_026916956.1	Mosquito_gDNA	Mosquito
NW_026916957.1	Mosquito_gDNA	Mosquito
NW_026916958.1	Mosquito_gDNA	Mosquito
NW_026916959.1	Mosquito_gDNA	Mosquito
NW_026916960.1	Mosquito_gDNA	Mosquito
NW_026916961.1	Mosquito_gDNA	Mosquito
NW_026916962.1	Mosquito_gDNA	Mosquito
NW_026916963.1	Mosquito_gDNA	Mosquito
NW_026916964.1	Mosquito_gDNA	Mosquito
NW_026916965.1	Mosquito_gDNA	Mosquito
NW_026916966.1	Mosquito_gDNA	Mosquito
NW_026916967.1	Mosquito_gDNA	Mosquito
NW_026916968.1	Mosquito_gDNA	Mosquito
NW_026916969.1	Mosquito_gDNA	Mosquito
NW_026916970.1	Mosquito_gDNA	Mosquito
NW_026916971.1	Mosquito_gDNA	Mosquito
NW_026916972.1	Mosquito_gDNA	Mosquito
NW_026916973.1	Mosquito_gDNA	Mosquito
NW_026916974.1	Mosquito_gDNA	Mosquito
NW_026916975.1	Mosquito_gDNA	Mosquito
NW_026916976.1	Mosquito_gDNA	Mosquito
NW_026916977.1	Mosquito_gDNA	Mosquito
NW_026916978.1	Mosquito_gDNA	Mosquito
NW_026916979.1	Mosquito_gDNA	Mosquito
NW_026916980.1	Mosquito_gDNA	Mosquito
NW_026916981.1	Mosquito_gDNA	Mosquito
NW_026916982.1	Mosquito_gDNA	Mosquito
NW_026916983.1	Mosquito_gDNA	Mosquito
NW_026916984.1	Mosquito_gDNA	Mosquito
NW_026916985.1	Mosquito_gDNA	Mosquito
NW_026916986.1	Mosquito_gDNA	Mosquito
NW_026916987.1	Mosquito_gDNA	Mosquito
NW_026916988.1	Mosquito_gDNA	Mosquito
NW_026916989.1	Mosquito_gDNA	Mosquito
NW_026916990.1	Mosquito_gDNA	Mosquito
NW_026916991.1	Mosquito_gDNA	Mosquito
NW_026916992.1	Mosquito_gDNA	Mosquito
NW_026916993.1	Mosquito_gDNA	Mosquito
NW_026916994.1	Mosquito_gDNA	Mosquito
NW_026916995.1	Mosquito_gDNA	Mosquito
NW_026916996.1	Mosquito_gDNA	Mosquito
NW_026916997.1	Mosquito_gDNA	Mosquito
NW_026916998.1	Mosquito_gDNA	Mosquito
NW_026916999.1	Mosquito_gDNA	Mosquito
NW_026917000.1	Mosquito_gDNA	Mosquito
NW_026917001.1	Mosquito_gDNA	Mosquito
NW_026917002.1	Mosquito_gDNA	Mosquito
NW_026917003.1	Mosquito_gDNA	Mosquito
NW_026917004.1	Mosquito_gDNA	Mosquito
NW_026917005.1	Mosquito_gDNA	Mosquito
NW_026917006.1	Mosquito_gDNA	Mosquito
NW_026917007.1	Mosquito_gDNA	Mosquito
NW_026917008.1	Mosquito_gDNA	Mosquito
NW_026917009.1	Mosquito_gDNA	Mosquito
NW_026917010.1	Mosquito_gDNA	Mosquito
NW_026917011.1	Mosquito_gDNA	Mosquito
NW_026917012.1	Mosquito_gDNA	Mosquito
NW_026917013.1	Mosquito_gDNA	Mosquito
NW_026917014.1	Mosquito_gDNA	Mosquito
NW_026917015.1	Mosquito_gDNA	Mosquito
NW_026917016.1	Mosquito_gDNA	Mosquito
NW_026917017.1	Mosquito_gDNA	Mosquito
NW_026917018.1	Mosquito_gDNA	Mosquito
NW_026917019.1	Mosquito_gDNA	Mosquito
NW_026917020.1	Mosquito_gDNA	Mosquito
NW_026917021.1	Mosquito_gDNA	Mosquito
NW_026917022.1	Mosquito_gDNA	Mosquito
NW_026917023.1	Mosquito_gDNA	Mosquito
NW_026917024.1	Mosquito_gDNA	Mosquito
NW_026917025.1	Mosquito_gDNA	Mosquito
NW_026917026.1	Mosquito_gDNA	Mosquito
NW_026917027.1	Mosquito_gDNA	Mosquito
NW_026917028.1	Mosquito_gDNA	Mosquito
NW_026917029.1	Mosquito_gDNA	Mosquito
NW_026917031.1	Mosquito_gDNA	Mosquito
NW_026917032.1	Mosquito_gDNA	Mosquito
NW_026917033.1	Mosquito_gDNA	Mosquito
NW_026917034.1	Mosquito_gDNA	Mosquito
NW_026917035.1	Mosquito_gDNA	Mosquito
NW_026917036.1	Mosquito_gDNA	Mosquito
NW_026917037.1	Mosquito_gDNA	Mosquito
NW_026917038.1	Mosquito_gDNA	Mosquito
NW_026917039.1	Mosquito_gDNA	Mosquito
NW_026917040.1	Mosquito_gDNA	Mosquito
NW_026917041.1	Mosquito_gDNA	Mosquito
NW_026917042.1	Mosquito_gDNA	Mosquito
NW_026917044.1	Mosquito_gDNA	Mosquito
NW_026917045.1	Mosquito_gDNA	Mosquito
NW_026917046.1	Mosquito_gDNA	Mosquito
NW_026917048.1	Mosquito_gDNA	Mosquito
NW_026917049.1	Mosquito_gDNA	Mosquito
NW_026917050.1	Mosquito_gDNA	Mosquito
NW_026917051.1	Mosquito_gDNA	Mosquito
NW_026917052.1	Mosquito_gDNA	Mosquito
NW_026917053.1	Mosquito_gDNA	Mosquito
NW_026917055.1	Mosquito_gDNA	Mosquito
NW_026917056.1	Mosquito_gDNA	Mosquito
NW_026917057.1	Mosquito_gDNA	Mosquito
NW_026917058.1	Mosquito_gDNA	Mosquito
NW_026917059.1	Mosquito_gDNA	Mosquito
NW_026917060.1	Mosquito_gDNA	Mosquito
NW_026917061.1	Mosquito_gDNA	Mosquito
NW_026917062.1	Mosquito_gDNA	Mosquito
NW_026917063.1	Mosquito_gDNA	Mosquito
NW_026917064.1	Mosquito_gDNA	Mosquito
NW_026917065.1	Mosquito_gDNA	Mosquito
NW_026917066.1	Mosquito_gDNA	Mosquito
NW_026917067.1	Mosquito_gDNA	Mosquito
NW_026917068.1	Mosquito_gDNA	Mosquito
NW_026917069.1	Mosquito_gDNA	Mosquito
NW_026917071.1	Mosquito_gDNA	Mosquito
NW_026917072.1	Mosquito_gDNA	Mosquito
NW_026917073.1	Mosquito_gDNA	Mosquito
NW_026917075.1	Mosquito_gDNA	Mosquito
NW_026917076.1	Mosquito_gDNA	Mosquito
NW_026917077.1	Mosquito_gDNA	Mosquito
NW_026917078.1	Mosquito_gDNA	Mosquito
NW_026917079.1	Mosquito_gDNA	Mosquito
NW_026917080.1	Mosquito_gDNA	Mosquito
NW_026917082.1	Mosquito_gDNA	Mosquito
NW_026917083.1	Mosquito_gDNA	Mosquito
NW_026917084.1	Mosquito_gDNA	Mosquito
NW_026917085.1	Mosquito_gDNA	Mosquito
NW_026917086.1	Mosquito_gDNA	Mosquito
NW_026917087.1	Mosquito_gDNA	Mosquito
NW_026917088.1	Mosquito_gDNA	Mosquito
NW_026917089.1	Mosquito_gDNA	Mosquito
NW_026917090.1	Mosquito_gDNA	Mosquito
NW_026917091.1	Mosquito_gDNA	Mosquito
NW_026917092.1	Mosquito_gDNA	Mosquito
NW_026917093.1	Mosquito_gDNA	Mosquito
NW_026917094.1	Mosquito_gDNA	Mosquito
NW_026917095.1	Mosquito_gDNA	Mosquito
NW_026917096.1	Mosquito_gDNA	Mosquito
NW_026917097.1	Mosquito_gDNA	Mosquito
NW_026917098.1	Mosquito_gDNA	Mosquito
NW_026917099.1	Mosquito_gDNA	Mosquito
NW_026917100.1	Mosquito_gDNA	Mosquito
NW_026917101.1	Mosquito_gDNA	Mosquito
NW_026917102.1	Mosquito_gDNA	Mosquito
NW_026917103.1	Mosquito_gDNA	Mosquito
NW_026917105.1	Mosquito_gDNA	Mosquito
NW_026917106.1	Mosquito_gDNA	Mosquito
NW_026917107.1	Mosquito_gDNA	Mosquito
NW_026917108.1	Mosquito_gDNA	Mosquito
NW_026917109.1	Mosquito_gDNA	Mosquito
NW_026917110.1	Mosquito_gDNA	Mosquito
NW_026917111.1	Mosquito_gDNA	Mosquito
NW_026917112.1	Mosquito_gDNA	Mosquito
NW_026917113.1	Mosquito_gDNA	Mosquito
NW_026917114.1	Mosquito_gDNA	Mosquito
NW_026917115.1	Mosquito_gDNA	Mosquito
NW_026917116.1	Mosquito_gDNA	Mosquito
NW_026917117.1	Mosquito_gDNA	Mosquito
NW_026917118.1	Mosquito_gDNA	Mosquito
NW_026917119.1	Mosquito_gDNA	Mosquito
NW_026917120.1	Mosquito_gDNA	Mosquito
NW_026917121.1	Mosquito_gDNA	Mosquito
NW_026917122.1	Mosquito_gDNA	Mosquito
NW_026917123.1	Mosquito_gDNA	Mosquito
NW_026917124.1	Mosquito_gDNA	Mosquito
NW_026917126.1	Mosquito_gDNA	Mosquito
NW_026917127.1	Mosquito_gDNA	Mosquito
NW_026917128.1	Mosquito_gDNA	Mosquito
NW_026917130.1	Mosquito_gDNA	Mosquito
NW_026917131.1	Mosquito_gDNA	Mosquito
NW_026917132.1	Mosquito_gDNA	Mosquito
NW_026917133.1	Mosquito_gDNA	Mosquito
NW_026917134.1	Mosquito_gDNA	Mosquito
NW_026917135.1	Mosquito_gDNA	Mosquito
NW_026917136.1	Mosquito_gDNA	Mosquito
NW_026917137.1	Mosquito_gDNA	Mosquito
NW_026917138.1	Mosquito_gDNA	Mosquito
NW_026917139.1	Mosquito_gDNA	Mosquito
NW_026917141.1	Mosquito_gDNA	Mosquito
NW_026917142.1	Mosquito_gDNA	Mosquito
NW_026917143.1	Mosquito_gDNA	Mosquito
NW_026917144.1	Mosquito_gDNA	Mosquito
NW_026917145.1	Mosquito_gDNA	Mosquito
NW_026917146.1	Mosquito_gDNA	Mosquito
NW_026917147.1	Mosquito_gDNA	Mosquito
NW_026917149.1	Mosquito_gDNA	Mosquito
NW_026917150.1	Mosquito_gDNA	Mosquito
NW_026917152.1	Mosquito_gDNA	Mosquito
NW_026917153.1	Mosquito_gDNA	Mosquito
NW_026917154.1	Mosquito_gDNA	Mosquito
NW_026917155.1	Mosquito_gDNA	Mosquito
NW_026917156.1	Mosquito_gDNA	Mosquito
NW_026917157.1	Mosquito_gDNA	Mosquito
NW_026917158.1	Mosquito_gDNA	Mosquito
NW_026917159.1	Mosquito_gDNA	Mosquito
NW_026917160.1	Mosquito_gDNA	Mosquito
NW_026917161.1	Mosquito_gDNA	Mosquito
NW_026917162.1	Mosquito_gDNA	Mosquito
NW_026917163.1	Mosquito_gDNA	Mosquito
NW_026917164.1	Mosquito_gDNA	Mosquito
NW_026917165.1	Mosquito_gDNA	Mosquito
NW_026917166.1	Mosquito_gDNA	Mosquito
NW_026917167.1	Mosquito_gDNA	Mosquito
NW_026917168.1	Mosquito_gDNA	Mosquito
NW_026917169.1	Mosquito_gDNA	Mosquito
NW_026917170.1	Mosquito_gDNA	Mosquito
NW_026917171.1	Mosquito_gDNA	Mosquito
NW_026917172.1	Mosquito_gDNA	Mosquito
NW_026917173.1	Mosquito_gDNA	Mosquito
NW_026917174.1	Mosquito_gDNA	Mosquito
NW_026917175.1	Mosquito_gDNA	Mosquito
NW_026917176.1	Mosquito_gDNA	Mosquito
NW_026917177.1	Mosquito_gDNA	Mosquito
NW_026917178.1	Mosquito_gDNA	Mosquito
NW_026917179.1	Mosquito_gDNA	Mosquito
NW_026917180.1	Mosquito_gDNA	Mosquito
NW_026917181.1	Mosquito_gDNA	Mosquito
NW_026917182.1	Mosquito_gDNA	Mosquito
NW_026917183.1	Mosquito_gDNA	Mosquito
NW_026917184.1	Mosquito_gDNA	Mosquito
NW_026917185.1	Mosquito_gDNA	Mosquito
NW_026917186.1	Mosquito_gDNA	Mosquito
NW_026917187.1	Mosquito_gDNA	Mosquito
NW_026917188.1	Mosquito_gDNA	Mosquito
NW_026917189.1	Mosquito_gDNA	Mosquito
NW_026917190.1	Mosquito_gDNA	Mosquito
NW_026917192.1	Mosquito_gDNA	Mosquito
NW_026917193.1	Mosquito_gDNA	Mosquito
NW_026917194.1	Mosquito_gDNA	Mosquito
NW_026917195.1	Mosquito_gDNA	Mosquito
NW_026917196.1	Mosquito_gDNA	Mosquito
NW_026917197.1	Mosquito_gDNA	Mosquito
NW_026917198.1	Mosquito_gDNA	Mosquito
NW_026917199.1	Mosquito_gDNA	Mosquito
NW_026917200.1	Mosquito_gDNA	Mosquito
NW_026917201.1	Mosquito_gDNA	Mosquito
NW_026917202.1	Mosquito_gDNA	Mosquito
NW_026917203.1	Mosquito_gDNA	Mosquito
NW_026917204.1	Mosquito_gDNA	Mosquito
NW_026917205.1	Mosquito_gDNA	Mosquito
NW_026917206.1	Mosquito_gDNA	Mosquito
NW_026917207.1	Mosquito_gDNA	Mosquito
NW_026917208.1	Mosquito_gDNA	Mosquito
NW_026917209.1	Mosquito_gDNA	Mosquito
NW_026917211.1	Mosquito_gDNA	Mosquito
NW_026917212.1	Mosquito_gDNA	Mosquito
NW_026917213.1	Mosquito_gDNA	Mosquito
NW_026917214.1	Mosquito_gDNA	Mosquito
NW_026917215.1	Mosquito_gDNA	Mosquito
NW_026917216.1	Mosquito_gDNA	Mosquito
NW_026917218.1	Mosquito_gDNA	Mosquito
NW_026917219.1	Mosquito_gDNA	Mosquito
NW_026917220.1	Mosquito_gDNA	Mosquito
NW_026917221.1	Mosquito_gDNA	Mosquito
NW_026917222.1	Mosquito_gDNA	Mosquito
NW_026917223.1	Mosquito_gDNA	Mosquito
NW_026917224.1	Mosquito_gDNA	Mosquito
NW_026917225.1	Mosquito_gDNA	Mosquito
NW_026917226.1	Mosquito_gDNA	Mosquito
NW_026917227.1	Mosquito_gDNA	Mosquito
NW_026917228.1	Mosquito_gDNA	Mosquito
NW_026917229.1	Mosquito_gDNA	Mosquito
NW_026917230.1	Mosquito_gDNA	Mosquito
NW_026917231.1	Mosquito_gDNA	Mosquito
NW_026917232.1	Mosquito_gDNA	Mosquito
NW_026917233.1	Mosquito_gDNA	Mosquito
NW_026917234.1	Mosquito_gDNA	Mosquito
NW_026917235.1	Mosquito_gDNA	Mosquito
NW_026917236.1	Mosquito_gDNA	Mosquito
NW_026917237.1	Mosquito_gDNA	Mosquito
NW_026917238.1	Mosquito_gDNA	Mosquito
NW_026917239.1	Mosquito_gDNA	Mosquito
NW_026917240.1	Mosquito_gDNA	Mosquito
NW_026917241.1	Mosquito_gDNA	Mosquito
NW_026917242.1	Mosquito_gDNA	Mosquito
NW_026917244.1	Mosquito_gDNA	Mosquito
NW_026917245.1	Mosquito_gDNA	Mosquito
NW_026917246.1	Mosquito_gDNA	Mosquito
NW_026917247.1	Mosquito_gDNA	Mosquito
NW_026917248.1	Mosquito_gDNA	Mosquito
NW_026917249.1	Mosquito_gDNA	Mosquito
NW_026917250.1	Mosquito_gDNA	Mosquito
NW_026917251.1	Mosquito_gDNA	Mosquito
NW_026917252.1	Mosquito_gDNA	Mosquito
NW_026917253.1	Mosquito_gDNA	Mosquito
NW_026917254.1	Mosquito_gDNA	Mosquito
NW_026917255.1	Mosquito_gDNA	Mosquito
NW_026917256.1	Mosquito_gDNA	Mosquito
NW_026917257.1	Mosquito_gDNA	Mosquito
NW_026917258.1	Mosquito_gDNA	Mosquito
NW_026917259.1	Mosquito_gDNA	Mosquito
NW_026917260.1	Mosquito_gDNA	Mosquito
NW_026917261.1	Mosquito_gDNA	Mosquito
NW_026917262.1	Mosquito_gDNA	Mosquito
NW_026917263.1	Mosquito_gDNA	Mosquito
NW_026917264.1	Mosquito_gDNA	Mosquito
NW_026917265.1	Mosquito_gDNA	Mosquito
NW_026917266.1	Mosquito_gDNA	Mosquito
NW_026917267.1	Mosquito_gDNA	Mosquito
NW_026917268.1	Mosquito_gDNA	Mosquito
NW_026917269.1	Mosquito_gDNA	Mosquito
NW_026917270.1	Mosquito_gDNA	Mosquito
NW_026917272.1	Mosquito_gDNA	Mosquito
NW_026917274.1	Mosquito_gDNA	Mosquito
NW_026917275.1	Mosquito_gDNA	Mosquito
NW_026917276.1	Mosquito_gDNA	Mosquito
NW_026917277.1	Mosquito_gDNA	Mosquito
NW_026917278.1	Mosquito_gDNA	Mosquito
NW_026917279.1	Mosquito_gDNA	Mosquito
NW_026917280.1	Mosquito_gDNA	Mosquito
NW_026917281.1	Mosquito_gDNA	Mosquito
NW_026917282.1	Mosquito_gDNA	Mosquito
NW_026917283.1	Mosquito_gDNA	Mosquito
NW_026917284.1	Mosquito_gDNA	Mosquito
NW_026917285.1	Mosquito_gDNA	Mosquito
NW_026917286.1	Mosquito_gDNA	Mosquito
NW_026917287.1	Mosquito_gDNA	Mosquito
NW_026917288.1	Mosquito_gDNA	Mosquito
NW_026917289.1	Mosquito_gDNA	Mosquito
NW_026917290.1	Mosquito_gDNA	Mosquito
NW_026917291.1	Mosquito_gDNA	Mosquito
NW_026917292.1	Mosquito_gDNA	Mosquito
NW_026917293.1	Mosquito_gDNA	Mosquito
NW_026917294.1	Mosquito_gDNA	Mosquito
NW_026917295.1	Mosquito_gDNA	Mosquito
NW_026917296.1	Mosquito_gDNA	Mosquito
NW_026917297.1	Mosquito_gDNA	Mosquito
NW_026917298.1	Mosquito_gDNA	Mosquito
NW_026917299.1	Mosquito_gDNA	Mosquito
NW_026917300.1	Mosquito_gDNA	Mosquito
NW_026917301.1	Mosquito_gDNA	Mosquito
NW_026917302.1	Mosquito_gDNA	Mosquito
NW_026917303.1	Mosquito_gDNA	Mosquito
NW_026917304.1	Mosquito_gDNA	Mosquito
NW_026917305.1	Mosquito_gDNA	Mosquito
NW_026917306.1	Mosquito_gDNA	Mosquito
NW_026917307.1	Mosquito_gDNA	Mosquito
NW_026917308.1	Mosquito_gDNA	Mosquito
NW_026917309.1	Mosquito_gDNA	Mosquito
NW_026917310.1	Mosquito_gDNA	Mosquito
NW_026917311.1	Mosquito_gDNA	Mosquito
NW_026917312.1	Mosquito_gDNA	Mosquito
NW_026917313.1	Mosquito_gDNA	Mosquito
NW_026917314.1	Mosquito_gDNA	Mosquito
NW_026917315.1	Mosquito_gDNA	Mosquito
NW_026917316.1	Mosquito_gDNA	Mosquito
NW_026917317.1	Mosquito_gDNA	Mosquito
NW_026917318.1	Mosquito_gDNA	Mosquito
NW_026917319.1	Mosquito_gDNA	Mosquito
NW_026917321.1	Mosquito_gDNA	Mosquito
NW_026917322.1	Mosquito_gDNA	Mosquito
NW_026917323.1	Mosquito_gDNA	Mosquito
NW_026917324.1	Mosquito_gDNA	Mosquito
NW_026917326.1	Mosquito_gDNA	Mosquito
NW_026917327.1	Mosquito_gDNA	Mosquito
NW_026917328.1	Mosquito_gDNA	Mosquito
NW_026917329.1	Mosquito_gDNA	Mosquito
NW_026917330.1	Mosquito_gDNA	Mosquito
NW_026917331.1	Mosquito_gDNA	Mosquito
NW_026917332.1	Mosquito_gDNA	Mosquito
NW_026917333.1	Mosquito_gDNA	Mosquito
NW_026917334.1	Mosquito_gDNA	Mosquito
NW_026917335.1	Mosquito_gDNA	Mosquito
NW_026917336.1	Mosquito_gDNA	Mosquito
NW_026917337.1	Mosquito_gDNA	Mosquito
NW_026917338.1	Mosquito_gDNA	Mosquito
NW_026917339.1	Mosquito_gDNA	Mosquito
NW_026917340.1	Mosquito_gDNA	Mosquito
NW_026917341.1	Mosquito_gDNA	Mosquito
NW_026917342.1	Mosquito_gDNA	Mosquito
NW_026917343.1	Mosquito_gDNA	Mosquito
NW_026917344.1	Mosquito_gDNA	Mosquito
NW_026917345.1	Mosquito_gDNA	Mosquito
NW_026917346.1	Mosquito_gDNA	Mosquito
NW_026917347.1	Mosquito_gDNA	Mosquito
NW_026917348.1	Mosquito_gDNA	Mosquito
NW_026917349.1	Mosquito_gDNA	Mosquito
NW_026917350.1	Mosquito_gDNA	Mosquito
NW_026917351.1	Mosquito_gDNA	Mosquito
NW_026917352.1	Mosquito_gDNA	Mosquito
NW_026917353.1	Mosquito_gDNA	Mosquito
NW_026917354.1	Mosquito_gDNA	Mosquito
NW_026917355.1	Mosquito_gDNA	Mosquito
NW_026917356.1	Mosquito_gDNA	Mosquito
NW_026917357.1	Mosquito_gDNA	Mosquito
NW_026917358.1	Mosquito_gDNA	Mosquito
NW_026917359.1	Mosquito_gDNA	Mosquito
NW_026917360.1	Mosquito_gDNA	Mosquito
NW_026917361.1	Mosquito_gDNA	Mosquito
NW_026917362.1	Mosquito_gDNA	Mosquito
NW_026917363.1	Mosquito_gDNA	Mosquito
NW_026917364.1	Mosquito_gDNA	Mosquito
NW_026917365.1	Mosquito_gDNA	Mosquito
NW_026917366.1	Mosquito_gDNA	Mosquito
NW_026917367.1	Mosquito_gDNA	Mosquito
NW_026917368.1	Mosquito_gDNA	Mosquito
NW_026917369.1	Mosquito_gDNA	Mosquito
NW_026917370.1	Mosquito_gDNA	Mosquito
NW_026917371.1	Mosquito_gDNA	Mosquito
NW_026917372.1	Mosquito_gDNA	Mosquito
NW_026917373.1	Mosquito_gDNA	Mosquito
NW_026917374.1	Mosquito_gDNA	Mosquito
NW_026917375.1	Mosquito_gDNA	Mosquito
NW_026917376.1	Mosquito_gDNA	Mosquito
NW_026917377.1	Mosquito_gDNA	Mosquito
NW_026917378.1	Mosquito_gDNA	Mosquito
NW_026917379.1	Mosquito_gDNA	Mosquito
NW_026917380.1	Mosquito_gDNA	Mosquito
NW_026917381.1	Mosquito_gDNA	Mosquito
NW_026917382.1	Mosquito_gDNA	Mosquito
NW_026917383.1	Mosquito_gDNA	Mosquito
NW_026917384.1	Mosquito_gDNA	Mosquito
NW_026917385.1	Mosquito_gDNA	Mosquito
NW_026917386.1	Mosquito_gDNA	Mosquito
NW_026917387.1	Mosquito_gDNA	Mosquito
NW_026917388.1	Mosquito_gDNA	Mosquito
NW_026917389.1	Mosquito_gDNA	Mosquito
NW_026917390.1	Mosquito_gDNA	Mosquito
NW_026917391.1	Mosquito_gDNA	Mosquito
NW_026917392.1	Mosquito_gDNA	Mosquito
NW_026917393.1	Mosquito_gDNA	Mosquito
NW_026917394.1	Mosquito_gDNA	Mosquito
NW_026917395.1	Mosquito_gDNA	Mosquito
NW_026917396.1	Mosquito_gDNA	Mosquito
NW_026917397.1	Mosquito_gDNA	Mosquito
NW_026917398.1	Mosquito_gDNA	Mosquito
NW_026917399.1	Mosquito_gDNA	Mosquito
NW_026917400.1	Mosquito_gDNA	Mosquito
NW_026917401.1	Mosquito_gDNA	Mosquito
NW_026917402.1	Mosquito_gDNA	Mosquito
NW_026917403.1	Mosquito_gDNA	Mosquito
NW_026917404.1	Mosquito_gDNA	Mosquito
NW_026917405.1	Mosquito_gDNA	Mosquito
NW_026917406.1	Mosquito_gDNA	Mosquito
NW_026917407.1	Mosquito_gDNA	Mosquito
NW_026917408.1	Mosquito_gDNA	Mosquito
NW_026917409.1	Mosquito_gDNA	Mosquito
NW_026917410.1	Mosquito_gDNA	Mosquito
NW_026917411.1	Mosquito_gDNA	Mosquito
NW_026917412.1	Mosquito_gDNA	Mosquito
NW_026917413.1	Mosquito_gDNA	Mosquito
NW_026917414.1	Mosquito_gDNA	Mosquito
NW_026917415.1	Mosquito_gDNA	Mosquito
NW_026917416.1	Mosquito_gDNA	Mosquito
NW_026917417.1	Mosquito_gDNA	Mosquito
NW_026917418.1	Mosquito_gDNA	Mosquito
NW_026917419.1	Mosquito_gDNA	Mosquito
NW_026917420.1	Mosquito_gDNA	Mosquito
NW_026917421.1	Mosquito_gDNA	Mosquito
NW_026917422.1	Mosquito_gDNA	Mosquito
NW_026917423.1	Mosquito_gDNA	Mosquito
NW_026917424.1	Mosquito_gDNA	Mosquito
NW_026917425.1	Mosquito_gDNA	Mosquito
NW_026917426.1	Mosquito_gDNA	Mosquito
NW_026917427.1	Mosquito_gDNA	Mosquito
NW_026917428.1	Mosquito_gDNA	Mosquito
NW_026917429.1	Mosquito_gDNA	Mosquito
NW_026917430.1	Mosquito_gDNA	Mosquito
NW_026917431.1	Mosquito_gDNA	Mosquito
NW_026917432.1	Mosquito_gDNA	Mosquito
NW_026917433.1	Mosquito_gDNA	Mosquito
NW_026917434.1	Mosquito_gDNA	Mosquito
NW_026917435.1	Mosquito_gDNA	Mosquito
NW_026917436.1	Mosquito_gDNA	Mosquito
NW_026917437.1	Mosquito_gDNA	Mosquito
NW_026917438.1	Mosquito_gDNA	Mosquito
NW_026917439.1	Mosquito_gDNA	Mosquito
NW_026917440.1	Mosquito_gDNA	Mosquito
NW_026917441.1	Mosquito_gDNA	Mosquito
NW_026917442.1	Mosquito_gDNA	Mosquito
NW_026917443.1	Mosquito_gDNA	Mosquito
NW_026917444.1	Mosquito_gDNA	Mosquito
NW_026917445.1	Mosquito_gDNA	Mosquito
NW_026917446.1	Mosquito_gDNA	Mosquito
NW_026917447.1	Mosquito_gDNA	Mosquito
NW_026917448.1	Mosquito_gDNA	Mosquito
NW_026917449.1	Mosquito_gDNA	Mosquito
NW_026917450.1	Mosquito_gDNA	Mosquito
NW_026917451.1	Mosquito_gDNA	Mosquito
NW_026917452.1	Mosquito_gDNA	Mosquito
NW_026917453.1	Mosquito_gDNA	Mosquito
NW_026917454.1	Mosquito_gDNA	Mosquito
NW_026917455.1	Mosquito_gDNA	Mosquito
NW_026917456.1	Mosquito_gDNA	Mosquito
NW_026917457.1	Mosquito_gDNA	Mosquito
NW_026917458.1	Mosquito_gDNA	Mosquito
NW_026917459.1	Mosquito_gDNA	Mosquito
NW_026917460.1	Mosquito_gDNA	Mosquito
NW_026917461.1	Mosquito_gDNA	Mosquito
NW_026917462.1	Mosquito_gDNA	Mosquito
NW_026917463.1	Mosquito_gDNA	Mosquito
NW_026917464.1	Mosquito_gDNA	Mosquito
NW_026917465.1	Mosquito_gDNA	Mosquito
NW_026917466.1	Mosquito_gDNA	Mosquito
NW_026917467.1	Mosquito_gDNA	Mosquito
NW_026917468.1	Mosquito_gDNA	Mosquito
NW_026917469.1	Mosquito_gDNA	Mosquito
NW_026917470.1	Mosquito_gDNA	Mosquito
NW_026917472.1	Mosquito_gDNA	Mosquito
NW_026917473.1	Mosquito_gDNA	Mosquito
NW_026917474.1	Mosquito_gDNA	Mosquito
NW_026917475.1	Mosquito_gDNA	Mosquito
NW_026917476.1	Mosquito_gDNA	Mosquito
NW_026917477.1	Mosquito_gDNA	Mosquito
NW_026917478.1	Mosquito_gDNA	Mosquito
NW_026917479.1	Mosquito_gDNA	Mosquito
NW_026917480.1	Mosquito_gDNA	Mosquito
NW_026917481.1	Mosquito_gDNA	Mosquito
NW_026917482.1	Mosquito_gDNA	Mosquito
NW_026917483.1	Mosquito_gDNA	Mosquito
NW_026917484.1	Mosquito_gDNA	Mosquito
NW_026917485.1	Mosquito_gDNA	Mosquito
NW_026917486.1	Mosquito_gDNA	Mosquito
NW_026917487.1	Mosquito_gDNA	Mosquito
NW_026917488.1	Mosquito_gDNA	Mosquito
NW_026917489.1	Mosquito_gDNA	Mosquito
NW_026917490.1	Mosquito_gDNA	Mosquito
NW_026917491.1	Mosquito_gDNA	Mosquito
NW_026917492.1	Mosquito_gDNA	Mosquito
NW_026917493.1	Mosquito_gDNA	Mosquito
NW_026917495.1	Mosquito_gDNA	Mosquito
NW_026917496.1	Mosquito_gDNA	Mosquito
NW_026917497.1	Mosquito_gDNA	Mosquito
NW_026917498.1	Mosquito_gDNA	Mosquito
NW_026917499.1	Mosquito_gDNA	Mosquito
NW_026917500.1	Mosquito_gDNA	Mosquito
NW_026917501.1	Mosquito_gDNA	Mosquito
NW_026917502.1	Mosquito_gDNA	Mosquito
NW_026917503.1	Mosquito_gDNA	Mosquito
NW_026917504.1	Mosquito_gDNA	Mosquito
NW_026917505.1	Mosquito_gDNA	Mosquito
NW_026917507.1	Mosquito_gDNA	Mosquito
NW_026917508.1	Mosquito_gDNA	Mosquito
NW_026917509.1	Mosquito_gDNA	Mosquito
NW_026917510.1	Mosquito_gDNA	Mosquito
NW_026917511.1	Mosquito_gDNA	Mosquito
NW_026917512.1	Mosquito_gDNA	Mosquito
NW_026917513.1	Mosquito_gDNA	Mosquito
NW_026917514.1	Mosquito_gDNA	Mosquito
NW_026917515.1	Mosquito_gDNA	Mosquito
NW_026917516.1	Mosquito_gDNA	Mosquito
NW_026917517.1	Mosquito_gDNA	Mosquito
NW_026917518.1	Mosquito_gDNA	Mosquito
NW_026917519.1	Mosquito_gDNA	Mosquito
NW_026917521.1	Mosquito_gDNA	Mosquito
NW_026917522.1	Mosquito_gDNA	Mosquito
NW_026917525.1	Mosquito_gDNA	Mosquito
NW_026917527.1	Mosquito_gDNA	Mosquito
NW_026917528.1	Mosquito_gDNA	Mosquito
NW_026917529.1	Mosquito_gDNA	Mosquito
NW_026917530.1	Mosquito_gDNA	Mosquito
NW_026917531.1	Mosquito_gDNA	Mosquito
NW_026917532.1	Mosquito_gDNA	Mosquito
NW_026917533.1	Mosquito_gDNA	Mosquito
NW_026917534.1	Mosquito_gDNA	Mosquito
NW_026917535.1	Mosquito_gDNA	Mosquito
NW_026917536.1	Mosquito_gDNA	Mosquito
NW_026917537.1	Mosquito_gDNA	Mosquito
NW_026917538.1	Mosquito_gDNA	Mosquito
NW_026917540.1	Mosquito_gDNA	Mosquito
NW_026917541.1	Mosquito_gDNA	Mosquito
NW_026917542.1	Mosquito_gDNA	Mosquito
NW_026917543.1	Mosquito_gDNA	Mosquito
NW_026917544.1	Mosquito_gDNA	Mosquito
NW_026917545.1	Mosquito_gDNA	Mosquito
NW_026917546.1	Mosquito_gDNA	Mosquito
NW_026917547.1	Mosquito_gDNA	Mosquito
NW_026917548.1	Mosquito_gDNA	Mosquito
NW_026917549.1	Mosquito_gDNA	Mosquito
NW_026917550.1	Mosquito_gDNA	Mosquito
NW_026917551.1	Mosquito_gDNA	Mosquito
NW_026917552.1	Mosquito_gDNA	Mosquito
NW_026917553.1	Mosquito_gDNA	Mosquito
NW_026917555.1	Mosquito_gDNA	Mosquito
NW_026917556.1	Mosquito_gDNA	Mosquito
NW_026917557.1	Mosquito_gDNA	Mosquito
NW_026917558.1	Mosquito_gDNA	Mosquito
NW_026917559.1	Mosquito_gDNA	Mosquito
NW_026917560.1	Mosquito_gDNA	Mosquito
NW_026917561.1	Mosquito_gDNA	Mosquito
NW_026917562.1	Mosquito_gDNA	Mosquito
NW_026917563.1	Mosquito_gDNA	Mosquito
NW_026917565.1	Mosquito_gDNA	Mosquito
NW_026917566.1	Mosquito_gDNA	Mosquito
NW_026917567.1	Mosquito_gDNA	Mosquito
NW_026917568.1	Mosquito_gDNA	Mosquito
NW_026917569.1	Mosquito_gDNA	Mosquito
NW_026917570.1	Mosquito_gDNA	Mosquito
NW_026917571.1	Mosquito_gDNA	Mosquito
NW_026917572.1	Mosquito_gDNA	Mosquito
NW_026917573.1	Mosquito_gDNA	Mosquito
NW_026917574.1	Mosquito_gDNA	Mosquito
NW_026917575.1	Mosquito_gDNA	Mosquito
NW_026917576.1	Mosquito_gDNA	Mosquito
NW_026917578.1	Mosquito_gDNA	Mosquito
NW_026917579.1	Mosquito_gDNA	Mosquito
NW_026917580.1	Mosquito_gDNA	Mosquito
NW_026917581.1	Mosquito_gDNA	Mosquito
NW_026917582.1	Mosquito_gDNA	Mosquito
NW_026917583.1	Mosquito_gDNA	Mosquito
NW_026917584.1	Mosquito_gDNA	Mosquito
NW_026917585.1	Mosquito_gDNA	Mosquito
NW_026917587.1	Mosquito_gDNA	Mosquito
NW_026917589.1	Mosquito_gDNA	Mosquito
NW_026917590.1	Mosquito_gDNA	Mosquito
NW_026917591.1	Mosquito_gDNA	Mosquito
NW_026917593.1	Mosquito_gDNA	Mosquito
NW_026917594.1	Mosquito_gDNA	Mosquito
NW_026917598.1	Mosquito_gDNA	Mosquito
NW_026917599.1	Mosquito_gDNA	Mosquito
NW_026917601.1	Mosquito_gDNA	Mosquito
NW_026917602.1	Mosquito_gDNA	Mosquito
NW_026917603.1	Mosquito_gDNA	Mosquito
NW_026917604.1	Mosquito_gDNA	Mosquito
NW_026917605.1	Mosquito_gDNA	Mosquito
NW_026917606.1	Mosquito_gDNA	Mosquito
NW_026917608.1	Mosquito_gDNA	Mosquito
NW_026917609.1	Mosquito_gDNA	Mosquito
NW_026917610.1	Mosquito_gDNA	Mosquito
NW_026917611.1	Mosquito_gDNA	Mosquito
NW_026917612.1	Mosquito_gDNA	Mosquito
NW_026917613.1	Mosquito_gDNA	Mosquito
NW_026917614.1	Mosquito_gDNA	Mosquito
NW_026917615.1	Mosquito_gDNA	Mosquito
NW_026917616.1	Mosquito_gDNA	Mosquito
NW_026917620.1	Mosquito_gDNA	Mosquito
NW_026917621.1	Mosquito_gDNA	Mosquito
NW_026917622.1	Mosquito_gDNA	Mosquito
NW_026917623.1	Mosquito_gDNA	Mosquito
NW_026917624.1	Mosquito_gDNA	Mosquito
NW_026917625.1	Mosquito_gDNA	Mosquito
NW_026917626.1	Mosquito_gDNA	Mosquito
NW_026917627.1	Mosquito_gDNA	Mosquito
NW_026917628.1	Mosquito_gDNA	Mosquito
NW_026917631.1	Mosquito_gDNA	Mosquito
NW_026917632.1	Mosquito_gDNA	Mosquito
NW_026917633.1	Mosquito_gDNA	Mosquito
NW_026917634.1	Mosquito_gDNA	Mosquito
NW_026917635.1	Mosquito_gDNA	Mosquito
NW_026917636.1	Mosquito_gDNA	Mosquito
NW_026917637.1	Mosquito_gDNA	Mosquito
NW_026917638.1	Mosquito_gDNA	Mosquito
NW_026917639.1	Mosquito_gDNA	Mosquito
NW_026917640.1	Mosquito_gDNA	Mosquito
NW_026917642.1	Mosquito_gDNA	Mosquito
NW_026917643.1	Mosquito_gDNA	Mosquito
NW_026917644.1	Mosquito_gDNA	Mosquito
NW_026917645.1	Mosquito_gDNA	Mosquito
NW_026917646.1	Mosquito_gDNA	Mosquito
NW_026917647.1	Mosquito_gDNA	Mosquito
NW_026917649.1	Mosquito_gDNA	Mosquito
NW_026917650.1	Mosquito_gDNA	Mosquito
NW_026917651.1	Mosquito_gDNA	Mosquito
NW_026917652.1	Mosquito_gDNA	Mosquito
NW_026917653.1	Mosquito_gDNA	Mosquito
NW_026917654.1	Mosquito_gDNA	Mosquito
NW_026917655.1	Mosquito_gDNA	Mosquito
NW_026917656.1	Mosquito_gDNA	Mosquito
NW_026917657.1	Mosquito_gDNA	Mosquito
NW_026917658.1	Mosquito_gDNA	Mosquito
NW_026917659.1	Mosquito_gDNA	Mosquito
NW_026917660.1	Mosquito_gDNA	Mosquito
NW_026917662.1	Mosquito_gDNA	Mosquito
NW_026917663.1	Mosquito_gDNA	Mosquito
NW_026917664.1	Mosquito_gDNA	Mosquito
NW_026917665.1	Mosquito_gDNA	Mosquito
NW_026917666.1	Mosquito_gDNA	Mosquito
NW_026917667.1	Mosquito_gDNA	Mosquito
NW_026917668.1	Mosquito_gDNA	Mosquito
NW_026917669.1	Mosquito_gDNA	Mosquito
NW_026917671.1	Mosquito_gDNA	Mosquito
NW_026917674.1	Mosquito_gDNA	Mosquito
NW_026917676.1	Mosquito_gDNA	Mosquito
NW_026917677.1	Mosquito_gDNA	Mosquito
NW_026917678.1	Mosquito_gDNA	Mosquito
NW_026917679.1	Mosquito_gDNA	Mosquito
NW_026917681.1	Mosquito_gDNA	Mosquito
NW_026917683.1	Mosquito_gDNA	Mosquito
NW_026917685.1	Mosquito_gDNA	Mosquito
NW_026917687.1	Mosquito_gDNA	Mosquito
NW_026917688.1	Mosquito_gDNA	Mosquito
NW_026917689.1	Mosquito_gDNA	Mosquito
NW_026917691.1	Mosquito_gDNA	Mosquito
NW_026917692.1	Mosquito_gDNA	Mosquito
NW_026917695.1	Mosquito_gDNA	Mosquito
NW_026917696.1	Mosquito_gDNA	Mosquito
NW_026917698.1	Mosquito_gDNA	Mosquito
NW_026917699.1	Mosquito_gDNA	Mosquito
NW_026917701.1	Mosquito_gDNA	Mosquito
NW_026917702.1	Mosquito_gDNA	Mosquito
NW_026917706.1	Mosquito_gDNA	Mosquito
NW_026917709.1	Mosquito_gDNA	Mosquito
NW_026917710.1	Mosquito_gDNA	Mosquito
NW_026917713.1	Mosquito_gDNA	Mosquito
NW_026917714.1	Mosquito_gDNA	Mosquito
NW_026917716.1	Mosquito_gDNA	Mosquito
NW_026917719.1	Mosquito_gDNA	Mosquito
NW_026917720.1	Mosquito_gDNA	Mosquito
NW_026917721.1	Mosquito_gDNA	Mosquito
NW_026917724.1	Mosquito_gDNA	Mosquito
NW_026917725.1	Mosquito_gDNA	Mosquito
NW_026917726.1	Mosquito_gDNA	Mosquito
NW_026917731.1	Mosquito_gDNA	Mosquito
NW_026917733.1	Mosquito_gDNA	Mosquito
NW_026917734.1	Mosquito_gDNA	Mosquito
NW_026917736.1	Mosquito_gDNA	Mosquito
NW_026917738.1	Mosquito_gDNA	Mosquito
NW_026917741.1	Mosquito_gDNA	Mosquito
NW_026917742.1	Mosquito_gDNA	Mosquito
NW_026917743.1	Mosquito_gDNA	Mosquito
NW_026917746.1	Mosquito_gDNA	Mosquito
NW_026917749.1	Mosquito_gDNA	Mosquito
NW_026917750.1	Mosquito_gDNA	Mosquito
NW_026917752.1	Mosquito_gDNA	Mosquito
NW_026917753.1	Mosquito_gDNA	Mosquito
NW_026917754.1	Mosquito_gDNA	Mosquito
NW_026917757.1	Mosquito_gDNA	Mosquito
NW_026917758.1	Mosquito_gDNA	Mosquito
NW_026917759.1	Mosquito_gDNA	Mosquito
NW_026917761.1	Mosquito_gDNA	Mosquito
NW_026917764.1	Mosquito_gDNA	Mosquito
NW_026917765.1	Mosquito_gDNA	Mosquito
NW_026917771.1	Mosquito_gDNA	Mosquito
NW_026917774.1	Mosquito_gDNA	Mosquito
NW_026917776.1	Mosquito_gDNA	Mosquito
NW_026917778.1	Mosquito_gDNA	Mosquito
NW_026917779.1	Mosquito_gDNA	Mosquito
NW_026917780.1	Mosquito_gDNA	Mosquito
NW_026917782.1	Mosquito_gDNA	Mosquito
NW_026917784.1	Mosquito_gDNA	Mosquito
NW_026917787.1	Mosquito_gDNA	Mosquito
NW_026917789.1	Mosquito_gDNA	Mosquito
NW_026917790.1	Mosquito_gDNA	Mosquito
NW_026917791.1	Mosquito_gDNA	Mosquito
NW_026917794.1	Mosquito_gDNA	Mosquito
NW_026917797.1	Mosquito_gDNA	Mosquito
NW_026917798.1	Mosquito_gDNA	Mosquito
NW_026917801.1	Mosquito_gDNA	Mosquito
NW_026917802.1	Mosquito_gDNA	Mosquito
NW_026917805.1	Mosquito_gDNA	Mosquito
NW_026917809.1	Mosquito_gDNA	Mosquito
NW_026917812.1	Mosquito_gDNA	Mosquito
NW_026917814.1	Mosquito_gDNA	Mosquito
NW_026917815.1	Mosquito_gDNA	Mosquito
NW_026917817.1	Mosquito_gDNA	Mosquito
NW_026917818.1	Mosquito_gDNA	Mosquito
NW_026917820.1	Mosquito_gDNA	Mosquito
NW_026917821.1	Mosquito_gDNA	Mosquito
NW_026917822.1	Mosquito_gDNA	Mosquito
NW_026917826.1	Mosquito_gDNA	Mosquito
NW_026917828.1	Mosquito_gDNA	Mosquito
NW_026917829.1	Mosquito_gDNA	Mosquito
NW_026917830.1	Mosquito_gDNA	Mosquito
NW_026917831.1	Mosquito_gDNA	Mosquito
NW_026917832.1	Mosquito_gDNA	Mosquito
NW_026917841.1	Mosquito_gDNA	Mosquito
NW_026917842.1	Mosquito_gDNA	Mosquito
NW_026917843.1	Mosquito_gDNA	Mosquito
NW_026917847.1	Mosquito_gDNA	Mosquito
NW_026917848.1	Mosquito_gDNA	Mosquito
NW_026917853.1	Mosquito_gDNA	Mosquito
NW_026917854.1	Mosquito_gDNA	Mosquito
NW_026917855.1	Mosquito_gDNA	Mosquito
NW_026917856.1	Mosquito_gDNA	Mosquito
NW_026917857.1	Mosquito_gDNA	Mosquito
NW_026917859.1	Mosquito_gDNA	Mosquito
NW_026916376.1	Mosquito_gDNA	Mosquito
NW_026916377.1	Mosquito_gDNA	Mosquito
NW_026916384.1	Mosquito_gDNA	Mosquito
NW_026916386.1	Mosquito_gDNA	Mosquito
NW_026916387.1	Mosquito_gDNA	Mosquito
NW_026916388.1	Mosquito_gDNA	Mosquito
NW_026916389.1	Mosquito_gDNA	Mosquito
NW_026916393.1	Mosquito_gDNA	Mosquito
NW_026916395.1	Mosquito_gDNA	Mosquito
NW_026916397.1	Mosquito_gDNA	Mosquito
NW_026916399.1	Mosquito_gDNA	Mosquito
NW_026916401.1	Mosquito_gDNA	Mosquito
NW_026916403.1	Mosquito_gDNA	Mosquito
NW_026916406.1	Mosquito_gDNA	Mosquito
NW_026916407.1	Mosquito_gDNA	Mosquito
NW_026916409.1	Mosquito_gDNA	Mosquito
NW_026916410.1	Mosquito_gDNA	Mosquito
NW_026916412.1	Mosquito_gDNA	Mosquito
NW_026916413.1	Mosquito_gDNA	Mosquito
NW_026916414.1	Mosquito_gDNA	Mosquito
NW_026916415.1	Mosquito_gDNA	Mosquito
NW_026916417.1	Mosquito_gDNA	Mosquito
NW_026916418.1	Mosquito_gDNA	Mosquito
NW_026916419.1	Mosquito_gDNA	Mosquito
NW_026916420.1	Mosquito_gDNA	Mosquito
NW_026916421.1	Mosquito_gDNA	Mosquito
NW_026916422.1	Mosquito_gDNA	Mosquito
NW_026916424.1	Mosquito_gDNA	Mosquito
NW_026916425.1	Mosquito_gDNA	Mosquito
NW_026916426.1	Mosquito_gDNA	Mosquito
NW_026916428.1	Mosquito_gDNA	Mosquito
NW_026916430.1	Mosquito_gDNA	Mosquito
NW_026916433.1	Mosquito_gDNA	Mosquito
NW_026916435.1	Mosquito_gDNA	Mosquito
NW_026916436.1	Mosquito_gDNA	Mosquito
NW_026916437.1	Mosquito_gDNA	Mosquito
NW_026916440.1	Mosquito_gDNA	Mosquito
NW_026916442.1	Mosquito_gDNA	Mosquito
NW_026916444.1	Mosquito_gDNA	Mosquito
NW_026916446.1	Mosquito_gDNA	Mosquito
NW_026916447.1	Mosquito_gDNA	Mosquito
NW_026916448.1	Mosquito_gDNA	Mosquito
NW_026916450.1	Mosquito_gDNA	Mosquito
NW_026916451.1	Mosquito_gDNA	Mosquito
NW_026916452.1	Mosquito_gDNA	Mosquito
NW_026916453.1	Mosquito_gDNA	Mosquito
NW_026916454.1	Mosquito_gDNA	Mosquito
NW_026916455.1	Mosquito_gDNA	Mosquito
NW_026916456.1	Mosquito_gDNA	Mosquito
NW_026916457.1	Mosquito_gDNA	Mosquito
NW_026916461.1	Mosquito_gDNA	Mosquito
NW_026916462.1	Mosquito_gDNA	Mosquito
NW_026916463.1	Mosquito_gDNA	Mosquito
NW_026916464.1	Mosquito_gDNA	Mosquito
NW_026916465.1	Mosquito_gDNA	Mosquito
NW_026916466.1	Mosquito_gDNA	Mosquito
NW_026916467.1	Mosquito_gDNA	Mosquito
NW_026916469.1	Mosquito_gDNA	Mosquito
NW_026916470.1	Mosquito_gDNA	Mosquito
NW_026916472.1	Mosquito_gDNA	Mosquito
NW_026916473.1	Mosquito_gDNA	Mosquito
NW_026916474.1	Mosquito_gDNA	Mosquito
NW_026916475.1	Mosquito_gDNA	Mosquito
NW_026916476.1	Mosquito_gDNA	Mosquito
NW_026916477.1	Mosquito_gDNA	Mosquito
NW_026916478.1	Mosquito_gDNA	Mosquito
NW_026916480.1	Mosquito_gDNA	Mosquito
NW_026916481.1	Mosquito_gDNA	Mosquito
NW_026916484.1	Mosquito_gDNA	Mosquito
NW_026916485.1	Mosquito_gDNA	Mosquito
NW_026916487.1	Mosquito_gDNA	Mosquito
NW_026916489.1	Mosquito_gDNA	Mosquito
NW_026916491.1	Mosquito_gDNA	Mosquito
NW_026916492.1	Mosquito_gDNA	Mosquito
NW_026916493.1	Mosquito_gDNA	Mosquito
NW_026916495.1	Mosquito_gDNA	Mosquito
NW_026916496.1	Mosquito_gDNA	Mosquito
NW_026916497.1	Mosquito_gDNA	Mosquito
NW_026916498.1	Mosquito_gDNA	Mosquito
NW_026916499.1	Mosquito_gDNA	Mosquito
NW_026916502.1	Mosquito_gDNA	Mosquito
NW_026916503.1	Mosquito_gDNA	Mosquito
NW_026916504.1	Mosquito_gDNA	Mosquito
NW_026916506.1	Mosquito_gDNA	Mosquito
NW_026916507.1	Mosquito_gDNA	Mosquito
NW_026916508.1	Mosquito_gDNA	Mosquito
NW_026916509.1	Mosquito_gDNA	Mosquito
NW_026916510.1	Mosquito_gDNA	Mosquito
NW_026916511.1	Mosquito_gDNA	Mosquito
NW_026916513.1	Mosquito_gDNA	Mosquito
NW_026916514.1	Mosquito_gDNA	Mosquito
NW_026916516.1	Mosquito_gDNA	Mosquito
NW_026916517.1	Mosquito_gDNA	Mosquito
NW_026916518.1	Mosquito_gDNA	Mosquito
NW_026916519.1	Mosquito_gDNA	Mosquito
NW_026916521.1	Mosquito_gDNA	Mosquito
NW_026916523.1	Mosquito_gDNA	Mosquito
NW_026916525.1	Mosquito_gDNA	Mosquito
NW_026916527.1	Mosquito_gDNA	Mosquito
NW_026916528.1	Mosquito_gDNA	Mosquito
NW_026916529.1	Mosquito_gDNA	Mosquito
NW_026916531.1	Mosquito_gDNA	Mosquito
NW_026916532.1	Mosquito_gDNA	Mosquito
NW_026916533.1	Mosquito_gDNA	Mosquito
NW_026916535.1	Mosquito_gDNA	Mosquito
NW_026916536.1	Mosquito_gDNA	Mosquito
NW_026916538.1	Mosquito_gDNA	Mosquito
NW_026916539.1	Mosquito_gDNA	Mosquito
NW_026916540.1	Mosquito_gDNA	Mosquito
NW_026916542.1	Mosquito_gDNA	Mosquito
NW_026916544.1	Mosquito_gDNA	Mosquito
NW_026916545.1	Mosquito_gDNA	Mosquito
NW_026916546.1	Mosquito_gDNA	Mosquito
NW_026916548.1	Mosquito_gDNA	Mosquito
NW_026916550.1	Mosquito_gDNA	Mosquito
NW_026916551.1	Mosquito_gDNA	Mosquito
NW_026916552.1	Mosquito_gDNA	Mosquito
NW_026916553.1	Mosquito_gDNA	Mosquito
NW_026916554.1	Mosquito_gDNA	Mosquito
NW_026916555.1	Mosquito_gDNA	Mosquito
NW_026916556.1	Mosquito_gDNA	Mosquito
NW_026916557.1	Mosquito_gDNA	Mosquito
NW_026916559.1	Mosquito_gDNA	Mosquito
NW_026916560.1	Mosquito_gDNA	Mosquito
NW_026916561.1	Mosquito_gDNA	Mosquito
NW_026916562.1	Mosquito_gDNA	Mosquito
NW_026916563.1	Mosquito_gDNA	Mosquito
NW_026916564.1	Mosquito_gDNA	Mosquito
NW_026916565.1	Mosquito_gDNA	Mosquito
NW_026916566.1	Mosquito_gDNA	Mosquito
NW_026916568.1	Mosquito_gDNA	Mosquito
NW_026916570.1	Mosquito_gDNA	Mosquito
NW_026916571.1	Mosquito_gDNA	Mosquito
NW_026916572.1	Mosquito_gDNA	Mosquito
NW_026916573.1	Mosquito_gDNA	Mosquito
NW_026916574.1	Mosquito_gDNA	Mosquito
NW_026916575.1	Mosquito_gDNA	Mosquito
NW_026916576.1	Mosquito_gDNA	Mosquito
NW_026916577.1	Mosquito_gDNA	Mosquito
NW_026916578.1	Mosquito_gDNA	Mosquito
NW_026916579.1	Mosquito_gDNA	Mosquito
NW_026916581.1	Mosquito_gDNA	Mosquito
NW_026916582.1	Mosquito_gDNA	Mosquito
NW_026916584.1	Mosquito_gDNA	Mosquito
NW_026916585.1	Mosquito_gDNA	Mosquito
NW_026916587.1	Mosquito_gDNA	Mosquito
NW_026916588.1	Mosquito_gDNA	Mosquito
NW_026916589.1	Mosquito_gDNA	Mosquito
NW_026916590.1	Mosquito_gDNA	Mosquito
NW_026916593.1	Mosquito_gDNA	Mosquito
NW_026916594.1	Mosquito_gDNA	Mosquito
NW_026916595.1	Mosquito_gDNA	Mosquito
NW_026916596.1	Mosquito_gDNA	Mosquito
NW_026916597.1	Mosquito_gDNA	Mosquito
NW_026916598.1	Mosquito_gDNA	Mosquito
NW_026916599.1	Mosquito_gDNA	Mosquito
NW_026916601.1	Mosquito_gDNA	Mosquito
NW_026916602.1	Mosquito_gDNA	Mosquito
NW_026916604.1	Mosquito_gDNA	Mosquito
NW_026916606.1	Mosquito_gDNA	Mosquito
NW_026916607.1	Mosquito_gDNA	Mosquito
NW_026916608.1	Mosquito_gDNA	Mosquito
NW_026916610.1	Mosquito_gDNA	Mosquito
NW_026916611.1	Mosquito_gDNA	Mosquito
NW_026916612.1	Mosquito_gDNA	Mosquito
NW_026916613.1	Mosquito_gDNA	Mosquito
NW_026916615.1	Mosquito_gDNA	Mosquito
NW_026916616.1	Mosquito_gDNA	Mosquito
NW_026916618.1	Mosquito_gDNA	Mosquito
NW_026916619.1	Mosquito_gDNA	Mosquito
NW_026916620.1	Mosquito_gDNA	Mosquito
NW_026916621.1	Mosquito_gDNA	Mosquito
NW_026916623.1	Mosquito_gDNA	Mosquito
NW_026916625.1	Mosquito_gDNA	Mosquito
NW_026916626.1	Mosquito_gDNA	Mosquito
NW_026916627.1	Mosquito_gDNA	Mosquito
NW_026916628.1	Mosquito_gDNA	Mosquito
NW_026916629.1	Mosquito_gDNA	Mosquito
NW_026916630.1	Mosquito_gDNA	Mosquito
NW_026916631.1	Mosquito_gDNA	Mosquito
NW_026916632.1	Mosquito_gDNA	Mosquito
NW_026916633.1	Mosquito_gDNA	Mosquito
NW_026916634.1	Mosquito_gDNA	Mosquito
NW_026916635.1	Mosquito_gDNA	Mosquito
NW_026916637.1	Mosquito_gDNA	Mosquito
NW_026916639.1	Mosquito_gDNA	Mosquito
NW_026916640.1	Mosquito_gDNA	Mosquito
NW_026916641.1	Mosquito_gDNA	Mosquito
NW_026916642.1	Mosquito_gDNA	Mosquito
NW_026916643.1	Mosquito_gDNA	Mosquito
NW_026916645.1	Mosquito_gDNA	Mosquito
NW_026916646.1	Mosquito_gDNA	Mosquito
NW_026916648.1	Mosquito_gDNA	Mosquito
NW_026916650.1	Mosquito_gDNA	Mosquito
NW_026916651.1	Mosquito_gDNA	Mosquito
NW_026916652.1	Mosquito_gDNA	Mosquito
NW_026916653.1	Mosquito_gDNA	Mosquito
NW_026916655.1	Mosquito_gDNA	Mosquito
NW_026916656.1	Mosquito_gDNA	Mosquito
NW_026916657.1	Mosquito_gDNA	Mosquito
NW_026916659.1	Mosquito_gDNA	Mosquito
NW_026916661.1	Mosquito_gDNA	Mosquito
NW_026916662.1	Mosquito_gDNA	Mosquito
NW_026916663.1	Mosquito_gDNA	Mosquito
NW_026916664.1	Mosquito_gDNA	Mosquito
NW_026916666.1	Mosquito_gDNA	Mosquito
NW_026916667.1	Mosquito_gDNA	Mosquito
NW_026916668.1	Mosquito_gDNA	Mosquito
NW_026916671.1	Mosquito_gDNA	Mosquito
NW_026916672.1	Mosquito_gDNA	Mosquito
NW_026916673.1	Mosquito_gDNA	Mosquito
NW_026916674.1	Mosquito_gDNA	Mosquito
NW_026916675.1	Mosquito_gDNA	Mosquito
NW_026916676.1	Mosquito_gDNA	Mosquito
NW_026916677.1	Mosquito_gDNA	Mosquito
NW_026916679.1	Mosquito_gDNA	Mosquito
NW_026916682.1	Mosquito_gDNA	Mosquito
NW_026916684.1	Mosquito_gDNA	Mosquito
NW_026916685.1	Mosquito_gDNA	Mosquito
NW_026916686.1	Mosquito_gDNA	Mosquito
NW_026916687.1	Mosquito_gDNA	Mosquito
NW_026916688.1	Mosquito_gDNA	Mosquito
NW_026916689.1	Mosquito_gDNA	Mosquito
NW_026916692.1	Mosquito_gDNA	Mosquito
NW_026916693.1	Mosquito_gDNA	Mosquito
NW_026916694.1	Mosquito_gDNA	Mosquito
NW_026916696.1	Mosquito_gDNA	Mosquito
NW_026916697.1	Mosquito_gDNA	Mosquito
NW_026916698.1	Mosquito_gDNA	Mosquito
NW_026916699.1	Mosquito_gDNA	Mosquito
NW_026916704.1	Mosquito_gDNA	Mosquito
NW_026916705.1	Mosquito_gDNA	Mosquito
NW_026916706.1	Mosquito_gDNA	Mosquito
NW_026916707.1	Mosquito_gDNA	Mosquito
NW_026916708.1	Mosquito_gDNA	Mosquito
NW_026916709.1	Mosquito_gDNA	Mosquito
NW_026916710.1	Mosquito_gDNA	Mosquito
NW_026916711.1	Mosquito_gDNA	Mosquito
NW_026916712.1	Mosquito_gDNA	Mosquito
NW_026916714.1	Mosquito_gDNA	Mosquito
NW_026916715.1	Mosquito_gDNA	Mosquito
NW_026916716.1	Mosquito_gDNA	Mosquito
NW_026916717.1	Mosquito_gDNA	Mosquito
NW_026916719.1	Mosquito_gDNA	Mosquito
NW_026916721.1	Mosquito_gDNA	Mosquito
NW_026916722.1	Mosquito_gDNA	Mosquito
NW_026916723.1	Mosquito_gDNA	Mosquito
NW_026916725.1	Mosquito_gDNA	Mosquito
NW_026916726.1	Mosquito_gDNA	Mosquito
NW_026916727.1	Mosquito_gDNA	Mosquito
NW_026916728.1	Mosquito_gDNA	Mosquito
NW_026916729.1	Mosquito_gDNA	Mosquito
NW_026916730.1	Mosquito_gDNA	Mosquito
NW_026916733.1	Mosquito_gDNA	Mosquito
NW_026916734.1	Mosquito_gDNA	Mosquito
NW_026916736.1	Mosquito_gDNA	Mosquito
NW_026916737.1	Mosquito_gDNA	Mosquito
NW_026916738.1	Mosquito_gDNA	Mosquito
NW_026916739.1	Mosquito_gDNA	Mosquito
NW_026916740.1	Mosquito_gDNA	Mosquito
NW_026916741.1	Mosquito_gDNA	Mosquito
NW_026916742.1	Mosquito_gDNA	Mosquito
NW_026916743.1	Mosquito_gDNA	Mosquito
NW_026916744.1	Mosquito_gDNA	Mosquito
NW_026916745.1	Mosquito_gDNA	Mosquito
NW_026916748.1	Mosquito_gDNA	Mosquito
NW_026916749.1	Mosquito_gDNA	Mosquito
NW_026916750.1	Mosquito_gDNA	Mosquito
NW_026916752.1	Mosquito_gDNA	Mosquito
NW_026916753.1	Mosquito_gDNA	Mosquito
NW_026916755.1	Mosquito_gDNA	Mosquito
NW_026916756.1	Mosquito_gDNA	Mosquito
NW_026916758.1	Mosquito_gDNA	Mosquito
NW_026916759.1	Mosquito_gDNA	Mosquito
NW_026916760.1	Mosquito_gDNA	Mosquito
NW_026916761.1	Mosquito_gDNA	Mosquito
NW_026916762.1	Mosquito_gDNA	Mosquito
NW_026916763.1	Mosquito_gDNA	Mosquito
NW_026916764.1	Mosquito_gDNA	Mosquito
NW_026916765.1	Mosquito_gDNA	Mosquito
NW_026916766.1	Mosquito_gDNA	Mosquito
NW_026916767.1	Mosquito_gDNA	Mosquito
NW_026916769.1	Mosquito_gDNA	Mosquito
NW_026916770.1	Mosquito_gDNA	Mosquito
NW_026916771.1	Mosquito_gDNA	Mosquito
NW_026916772.1	Mosquito_gDNA	Mosquito
NW_026916773.1	Mosquito_gDNA	Mosquito
NW_026916774.1	Mosquito_gDNA	Mosquito
NW_026916775.1	Mosquito_gDNA	Mosquito
NW_026916776.1	Mosquito_gDNA	Mosquito
NW_026916777.1	Mosquito_gDNA	Mosquito
NW_026916778.1	Mosquito_gDNA	Mosquito
NW_026916780.1	Mosquito_gDNA	Mosquito
NW_026916781.1	Mosquito_gDNA	Mosquito
NW_026916783.1	Mosquito_gDNA	Mosquito
NW_026916784.1	Mosquito_gDNA	Mosquito
NW_026916785.1	Mosquito_gDNA	Mosquito
NW_026916786.1	Mosquito_gDNA	Mosquito
NW_026916787.1	Mosquito_gDNA	Mosquito
NW_026916788.1	Mosquito_gDNA	Mosquito
NW_026916789.1	Mosquito_gDNA	Mosquito
NW_026916791.1	Mosquito_gDNA	Mosquito
NW_026916792.1	Mosquito_gDNA	Mosquito
NW_026916793.1	Mosquito_gDNA	Mosquito
NW_026916794.1	Mosquito_gDNA	Mosquito
NW_026916795.1	Mosquito_gDNA	Mosquito
NW_026916796.1	Mosquito_gDNA	Mosquito
NW_026916798.1	Mosquito_gDNA	Mosquito
NW_026916799.1	Mosquito_gDNA	Mosquito
NW_026916802.1	Mosquito_gDNA	Mosquito
NW_026916803.1	Mosquito_gDNA	Mosquito
NW_026916804.1	Mosquito_gDNA	Mosquito
NW_026916805.1	Mosquito_gDNA	Mosquito
NW_026916806.1	Mosquito_gDNA	Mosquito
NW_026916807.1	Mosquito_gDNA	Mosquito
NW_026916808.1	Mosquito_gDNA	Mosquito
NW_026916809.1	Mosquito_gDNA	Mosquito
NW_026916810.1	Mosquito_gDNA	Mosquito
NW_026916811.1	Mosquito_gDNA	Mosquito
NW_026916814.1	Mosquito_gDNA	Mosquito
NW_026916816.1	Mosquito_gDNA	Mosquito
NW_026916817.1	Mosquito_gDNA	Mosquito
NW_026916818.1	Mosquito_gDNA	Mosquito
NW_026916819.1	Mosquito_gDNA	Mosquito
NW_026916820.1	Mosquito_gDNA	Mosquito
NW_026916821.1	Mosquito_gDNA	Mosquito
NW_026916825.1	Mosquito_gDNA	Mosquito
NW_026916826.1	Mosquito_gDNA	Mosquito
NW_026916827.1	Mosquito_gDNA	Mosquito
NW_026916828.1	Mosquito_gDNA	Mosquito
NW_026916829.1	Mosquito_gDNA	Mosquito
NW_026916830.1	Mosquito_gDNA	Mosquito
NW_026916831.1	Mosquito_gDNA	Mosquito
NW_026916832.1	Mosquito_gDNA	Mosquito
NW_026916833.1	Mosquito_gDNA	Mosquito
NW_026916834.1	Mosquito_gDNA	Mosquito
NW_026916837.1	Mosquito_gDNA	Mosquito
NW_026916838.1	Mosquito_gDNA	Mosquito
NW_026916839.1	Mosquito_gDNA	Mosquito
NW_026916840.1	Mosquito_gDNA	Mosquito
NW_026916842.1	Mosquito_gDNA	Mosquito
NW_026916843.1	Mosquito_gDNA	Mosquito
NW_026916844.1	Mosquito_gDNA	Mosquito
NW_026916847.1	Mosquito_gDNA	Mosquito
NW_026916848.1	Mosquito_gDNA	Mosquito
NW_026916849.1	Mosquito_gDNA	Mosquito
NW_026916850.1	Mosquito_gDNA	Mosquito
NW_026916851.1	Mosquito_gDNA	Mosquito
NW_026916852.1	Mosquito_gDNA	Mosquito
NW_026916853.1	Mosquito_gDNA	Mosquito
NW_026916854.1	Mosquito_gDNA	Mosquito
NW_026916855.1	Mosquito_gDNA	Mosquito
NW_026916856.1	Mosquito_gDNA	Mosquito
NW_026916859.1	Mosquito_gDNA	Mosquito
NW_026916860.1	Mosquito_gDNA	Mosquito
NW_026916861.1	Mosquito_gDNA	Mosquito
NW_026916862.1	Mosquito_gDNA	Mosquito
NW_026916863.1	Mosquito_gDNA	Mosquito
NW_026916864.1	Mosquito_gDNA	Mosquito
NW_026916866.1	Mosquito_gDNA	Mosquito
NW_026916867.1	Mosquito_gDNA	Mosquito
NW_026916869.1	Mosquito_gDNA	Mosquito
NW_026916870.1	Mosquito_gDNA	Mosquito
NW_026916871.1	Mosquito_gDNA	Mosquito
NW_026916873.1	Mosquito_gDNA	Mosquito
NW_026916874.1	Mosquito_gDNA	Mosquito
NW_026916875.1	Mosquito_gDNA	Mosquito
NW_026916877.1	Mosquito_gDNA	Mosquito
NW_026916878.1	Mosquito_gDNA	Mosquito
NW_026916880.1	Mosquito_gDNA	Mosquito
NW_026916881.1	Mosquito_gDNA	Mosquito
NW_026916882.1	Mosquito_gDNA	Mosquito
NW_026916883.1	Mosquito_gDNA	Mosquito
NW_026916884.1	Mosquito_gDNA	Mosquito
NW_026916885.1	Mosquito_gDNA	Mosquito
NW_026916886.1	Mosquito_gDNA	Mosquito
NW_026916887.1	Mosquito_gDNA	Mosquito
NW_026916888.1	Mosquito_gDNA	Mosquito
NW_026916889.1	Mosquito_gDNA	Mosquito
NW_026916891.1	Mosquito_gDNA	Mosquito
NW_026916892.1	Mosquito_gDNA	Mosquito
NW_026916894.1	Mosquito_gDNA	Mosquito
NW_026916895.1	Mosquito_gDNA	Mosquito
NW_026916896.1	Mosquito_gDNA	Mosquito
NW_026916897.1	Mosquito_gDNA	Mosquito
NW_026916900.1	Mosquito_gDNA	Mosquito
NW_026916902.1	Mosquito_gDNA	Mosquito
NW_026916903.1	Mosquito_gDNA	Mosquito
NW_026916904.1	Mosquito_gDNA	Mosquito
NW_026916905.1	Mosquito_gDNA	Mosquito
NW_026916906.1	Mosquito_gDNA	Mosquito
NW_026916907.1	Mosquito_gDNA	Mosquito
NW_026916908.1	Mosquito_gDNA	Mosquito
NW_026916909.1	Mosquito_gDNA	Mosquito
NW_026916911.1	Mosquito_gDNA	Mosquito
NW_026916913.1	Mosquito_gDNA	Mosquito
NW_026916914.1	Mosquito_gDNA	Mosquito
NW_026916915.1	Mosquito_gDNA	Mosquito
NW_026916916.1	Mosquito_gDNA	Mosquito
NW_026916917.1	Mosquito_gDNA	Mosquito
NW_026916918.1	Mosquito_gDNA	Mosquito
NW_026916919.1	Mosquito_gDNA	Mosquito
NW_026916920.1	Mosquito_gDNA	Mosquito
NW_026916921.1	Mosquito_gDNA	Mosquito
NW_026916922.1	Mosquito_gDNA	Mosquito
NW_026916925.1	Mosquito_gDNA	Mosquito
NW_026916926.1	Mosquito_gDNA	Mosquito
NW_026917030.1	Mosquito_gDNA	Mosquito
NW_026917043.1	Mosquito_gDNA	Mosquito
NW_026917047.1	Mosquito_gDNA	Mosquito
NW_026917054.1	Mosquito_gDNA	Mosquito
NW_026917070.1	Mosquito_gDNA	Mosquito
NW_026917074.1	Mosquito_gDNA	Mosquito
NW_026917081.1	Mosquito_gDNA	Mosquito
NW_026917104.1	Mosquito_gDNA	Mosquito
NW_026917125.1	Mosquito_gDNA	Mosquito
NW_026917129.1	Mosquito_gDNA	Mosquito
NW_026917140.1	Mosquito_gDNA	Mosquito
NW_026917148.1	Mosquito_gDNA	Mosquito
NW_026917151.1	Mosquito_gDNA	Mosquito
NW_026917191.1	Mosquito_gDNA	Mosquito
NW_026917210.1	Mosquito_gDNA	Mosquito
NW_026917217.1	Mosquito_gDNA	Mosquito
NW_026917243.1	Mosquito_gDNA	Mosquito
NW_026917271.1	Mosquito_gDNA	Mosquito
NW_026917273.1	Mosquito_gDNA	Mosquito
NW_026917320.1	Mosquito_gDNA	Mosquito
NW_026917325.1	Mosquito_gDNA	Mosquito
NW_026917471.1	Mosquito_gDNA	Mosquito
NW_026917494.1	Mosquito_gDNA	Mosquito
NW_026917506.1	Mosquito_gDNA	Mosquito
NW_026917520.1	Mosquito_gDNA	Mosquito
NW_026917523.1	Mosquito_gDNA	Mosquito
NW_026917524.1	Mosquito_gDNA	Mosquito
NW_026917526.1	Mosquito_gDNA	Mosquito
NW_026917539.1	Mosquito_gDNA	Mosquito
NW_026917554.1	Mosquito_gDNA	Mosquito
NW_026917564.1	Mosquito_gDNA	Mosquito
NW_026917577.1	Mosquito_gDNA	Mosquito
NW_026917586.1	Mosquito_gDNA	Mosquito
NW_026917588.1	Mosquito_gDNA	Mosquito
NW_026917592.1	Mosquito_gDNA	Mosquito
NW_026917595.1	Mosquito_gDNA	Mosquito
NW_026917596.1	Mosquito_gDNA	Mosquito
NW_026917597.1	Mosquito_gDNA	Mosquito
NW_026917600.1	Mosquito_gDNA	Mosquito
NW_026917607.1	Mosquito_gDNA	Mosquito
NW_026917617.1	Mosquito_gDNA	Mosquito
NW_026917618.1	Mosquito_gDNA	Mosquito
NW_026917619.1	Mosquito_gDNA	Mosquito
NW_026917629.1	Mosquito_gDNA	Mosquito
NW_026917630.1	Mosquito_gDNA	Mosquito
NW_026917641.1	Mosquito_gDNA	Mosquito
NW_026917648.1	Mosquito_gDNA	Mosquito
NW_026917661.1	Mosquito_gDNA	Mosquito
NW_026917670.1	Mosquito_gDNA	Mosquito
NW_026917672.1	Mosquito_gDNA	Mosquito
NW_026917673.1	Mosquito_gDNA	Mosquito
NW_026917675.1	Mosquito_gDNA	Mosquito
NW_026917680.1	Mosquito_gDNA	Mosquito
NW_026917682.1	Mosquito_gDNA	Mosquito
NW_026917684.1	Mosquito_gDNA	Mosquito
NW_026917686.1	Mosquito_gDNA	Mosquito
NW_026917690.1	Mosquito_gDNA	Mosquito
NW_026917693.1	Mosquito_gDNA	Mosquito
NW_026917694.1	Mosquito_gDNA	Mosquito
NW_026917697.1	Mosquito_gDNA	Mosquito
NW_026917700.1	Mosquito_gDNA	Mosquito
NW_026917703.1	Mosquito_gDNA	Mosquito
NW_026917704.1	Mosquito_gDNA	Mosquito
NW_026917705.1	Mosquito_gDNA	Mosquito
NW_026917707.1	Mosquito_gDNA	Mosquito
NW_026917708.1	Mosquito_gDNA	Mosquito
NW_026917711.1	Mosquito_gDNA	Mosquito
NW_026917712.1	Mosquito_gDNA	Mosquito
NW_026917715.1	Mosquito_gDNA	Mosquito
NW_026917717.1	Mosquito_gDNA	Mosquito
NW_026917718.1	Mosquito_gDNA	Mosquito
NW_026917722.1	Mosquito_gDNA	Mosquito
NW_026917723.1	Mosquito_gDNA	Mosquito
NW_026917727.1	Mosquito_gDNA	Mosquito
NW_026917728.1	Mosquito_gDNA	Mosquito
NW_026917729.1	Mosquito_gDNA	Mosquito
NW_026917730.1	Mosquito_gDNA	Mosquito
NW_026917732.1	Mosquito_gDNA	Mosquito
NW_026917735.1	Mosquito_gDNA	Mosquito
NW_026917737.1	Mosquito_gDNA	Mosquito
NW_026917739.1	Mosquito_gDNA	Mosquito
NW_026917740.1	Mosquito_gDNA	Mosquito
NW_026917744.1	Mosquito_gDNA	Mosquito
NW_026917745.1	Mosquito_gDNA	Mosquito
NW_026917747.1	Mosquito_gDNA	Mosquito
NW_026917748.1	Mosquito_gDNA	Mosquito
NW_026917751.1	Mosquito_gDNA	Mosquito
NW_026917755.1	Mosquito_gDNA	Mosquito
NW_026917756.1	Mosquito_gDNA	Mosquito
NW_026917760.1	Mosquito_gDNA	Mosquito
NW_026917762.1	Mosquito_gDNA	Mosquito
NW_026917763.1	Mosquito_gDNA	Mosquito
NW_026917766.1	Mosquito_gDNA	Mosquito
NW_026917767.1	Mosquito_gDNA	Mosquito
NW_026917768.1	Mosquito_gDNA	Mosquito
NW_026917769.1	Mosquito_gDNA	Mosquito
NW_026917770.1	Mosquito_gDNA	Mosquito
NW_026917772.1	Mosquito_gDNA	Mosquito
NW_026917773.1	Mosquito_gDNA	Mosquito
NW_026917775.1	Mosquito_gDNA	Mosquito
NW_026917777.1	Mosquito_gDNA	Mosquito
NW_026917781.1	Mosquito_gDNA	Mosquito
NW_026917783.1	Mosquito_gDNA	Mosquito
NW_026917785.1	Mosquito_gDNA	Mosquito
NW_026917786.1	Mosquito_gDNA	Mosquito
NW_026917788.1	Mosquito_gDNA	Mosquito
NW_026917792.1	Mosquito_gDNA	Mosquito
NW_026917793.1	Mosquito_gDNA	Mosquito
NW_026917795.1	Mosquito_gDNA	Mosquito
NW_026917796.1	Mosquito_gDNA	Mosquito
NW_026917799.1	Mosquito_gDNA	Mosquito
NW_026917800.1	Mosquito_gDNA	Mosquito
NW_026917803.1	Mosquito_gDNA	Mosquito
NW_026917804.1	Mosquito_gDNA	Mosquito
NW_026917806.1	Mosquito_gDNA	Mosquito
NW_026917807.1	Mosquito_gDNA	Mosquito
NW_026917808.1	Mosquito_gDNA	Mosquito
NW_026917810.1	Mosquito_gDNA	Mosquito
NW_026917811.1	Mosquito_gDNA	Mosquito
NW_026917813.1	Mosquito_gDNA	Mosquito
NW_026917816.1	Mosquito_gDNA	Mosquito
NW_026917819.1	Mosquito_gDNA	Mosquito
NW_026917823.1	Mosquito_gDNA	Mosquito
NW_026917824.1	Mosquito_gDNA	Mosquito
NW_026917825.1	Mosquito_gDNA	Mosquito
NW_026917827.1	Mosquito_gDNA	Mosquito
NW_026917833.1	Mosquito_gDNA	Mosquito
NW_026917834.1	Mosquito_gDNA	Mosquito
NW_026917835.1	Mosquito_gDNA	Mosquito
NW_026917836.1	Mosquito_gDNA	Mosquito
NW_026917837.1	Mosquito_gDNA	Mosquito
NW_026917838.1	Mosquito_gDNA	Mosquito
NW_026917839.1	Mosquito_gDNA	Mosquito
NW_026917840.1	Mosquito_gDNA	Mosquito
NW_026917844.1	Mosquito_gDNA	Mosquito
NW_026917845.1	Mosquito_gDNA	Mosquito
NW_026917846.1	Mosquito_gDNA	Mosquito
NW_026917849.1	Mosquito_gDNA	Mosquito
NW_026917850.1	Mosquito_gDNA	Mosquito
NW_026917851.1	Mosquito_gDNA	Mosquito
NW_026917852.1	Mosquito_gDNA	Mosquito
NW_026917858.1	Mosquito_gDNA	Mosquito
NW_026917860.1	Mosquito_gDNA	Mosquito
NW_026917861.1	Mosquito_gDNA	Mosquito
NW_026917862.1	Mosquito_gDNA	Mosquito
NW_026917863.1	Mosquito_gDNA	Mosquito
